Workbook

Sheet Secure Coding Checklist
A1: OWASP Secure Coding Practices Checklist
A2: Use the Pass Mark column as a checkbox: change ☐ to ☑ when the control is verified as implemented. Select the Status from the dropdown and record evidence or comments.
A4: Application / Project
A5: Repository / Version
A6: Engineer / Reviewer
A7: Review Date
A9: ID | B9: Control Area | C9: Secure Coding Requirement | D9: Pass Mark | E9: Status | F9: Evidence / Comments | G9: Owner / Follow-up
A10: SC-001 | B10: Input validation | C10: Conduct all input validation on a trusted system (server side not client side) | D10: ☐ | E10: Not Reviewed
A11: SC-002 | B11: Input validation | C11: Identify all data sources and classify them into trusted and untrusted | D11: ☐ | E11: Not Reviewed
A12: SC-003 | B12: Input validation | C12: Validate all data from untrusted sources (databases, file streams, etc) | D12: ☐ | E12: Not Reviewed
A13: SC-004 | B13: Input validation | C13: Use a centralized input validation routine for the whole application | D13: ☐ | E13: Not Reviewed
A14: SC-005 | B14: Input validation | C14: Specify character sets, such as UTF-8, for all input sources (canonicalization) | D14: ☐ | E14: Not Reviewed
A15: SC-006 | B15: Input validation | C15: Encode input to a common character set before validating | D15: ☐ | E15: Not Reviewed
A16: SC-007 | B16: Input validation | C16: All validation failures should result in input rejection | D16: ☐ | E16: Not Reviewed
A17: SC-008 | B17: Input validation | C17: If the system supports UTF-8 extended character sets and validate after UTF-8 decoding is completed | D17: ☐ | E17: Not Reviewed
A18: SC-009 | B18: Input validation | C18: Validate all client provided data before processing | D18: ☐ | E18: Not Reviewed
A19: SC-010 | B19: Input validation | C19: Verify that protocol header values in both requests and responses contain only ASCII characters | D19: ☐ | E19: Not Reviewed
A20: SC-011 | B20: Input validation | C20: Validate data from redirects | D20: ☐ | E20: Not Reviewed
A21: SC-012 | B21: Input validation | C21: Validate for expected data types using an "allow" list rather than a "deny" list | D21: ☐ | E21: Not Reviewed
... A227: SC-218 | B227: General coding practices | C227: Implement safe updating using encrypted channels | D227: ☐ | E227: Not Reviewed

Sheet Summary
A1: Secure Coding Checklist — Review Summary
A3: Metric | B3: Count
A4: Total controls | B4: =COUNTA('Secure Coding Checklist'!A10:A227) -> 218
A5: Pass | B5: =COUNTIF('Secure Coding Checklist'!E10:E227,"Pass") -> 0
A6: Fail | B6: =COUNTIF('Secure Coding Checklist'!E10:E227,"Fail") -> 0
A7: Not Reviewed | B7: =COUNTIF('Secure Coding Checklist'!E10:E227,"Not Reviewed") -> 218
A8: Not Applicable | B8: =COUNTIF('Secure Coding Checklist'!E10:E227,"Not Applicable") -> 0
A9: Pass Mark checked (☑) | B9: =COUNTIF('Secure Coding Checklist'!D10:D227,"☑") -> 0
A12: Control counts by area
A13: Control Area | B13: Total | C13: Pass | D13: Fail
A14: Input validation | B14: =COUNTIF('Secure Coding Checklist'!B10:B227,A14) -> 17 | C14: =COUNTIFS('Secure Coding Checklist'!B10:B227,A14,'Secure Coding Checklist'!E10:E227,"Pass") -> 0 | D14: =COUNTIFS('Secure Coding Checklist'!B10:B227,A14,'Secure Coding Checklist'!E10:E227,"Fail") -> 0
A15: Output encoding | B15: =COUNTIF('Secure Coding Checklist'!B10:B227,A15) -> 7 | C15: =COUNTIFS('Secure Coding Checklist'!B10:B227,A15,'Secure Coding Checklist'!E10:E227,"Pass") -> 0 | D15: =COUNTIFS('Secure Coding Checklist'!B10:B227,A15,'Secure Coding Checklist'!E10:E227,"Fail") -> 0
A16: Authentication and password management | B16: =COUNTIF('Secure Coding Checklist'!B10:B227,A16) -> 35 | C16: =COUNTIFS('Secure Coding Checklist'!B10:B227,A16,'Secure Coding Checklist'!E10:E227,"Pass") -> 0 | D16: =COUNTIFS('Secure Coding Checklist'!B10:B227,A16,'Secure Coding Checklist'!E10:E227,"Fail") -> 0
A17: Session management | B17: =COUNTIF('Secure Coding Checklist'!B10:B227,A17) -> 20 | C17: =COUNTIFS('Secure Coding Checklist'!B10:B227,A17,'Secure Coding Checklist'!E10:E227,"Pass") -> 0 | D17: =COUNTIFS('Secure Coding Checklist'!B10:B227,A17,'Secure Coding Checklist'!E10:E227,"Fail") -> 0
A18: Access control | B18: =COUNTIF('Secure Coding Checklist'!B10:B227,A18) -> 24 | C18: =COUNTIFS('Secure Coding Checklist'!B10:B227,A18,'Secure Coding Checklist'!E10:E227,"Pass") -> 0 | D18: =COUNTIFS('Secure Coding Checklist'!B10:B227,A18,'Secure Coding Checklist'!E10:E227,"Fail") -> 0
A19: Cryptographic practices | B19: =COUNTIF('Secure Coding Checklist'!B10:B227,A19) -> 6 | C19: =COUNTIFS('Secure Coding Checklist'!B10:B227,A19,'Secure Coding Checklist'!E10:E227,"Pass") -> 0 | D19: =COUNTIFS('Secure Coding Checklist'!B10:B227,A19,'Secure Coding Checklist'!E10:E227,"Fail") -> 0
A20: Error handling and logging | B20: =COUNTIF('Secure Coding Checklist'!B10:B227,A20) -> 24 | C20: =COUNTIFS('Secure Coding Checklist'!B10:B227,A20,'Secure Coding Checklist'!E10:E227,"Pass") -> 0 | D20: =COUNTIFS('Secure Coding Checklist'!B10:B227,A20,'Secure Coding Checklist'!E10:E227,"Fail") -> 0
A21: Data protection | B21: =COUNTIF('Secure Coding Checklist'!B10:B227,A21) -> 12 | C21: =COUNTIFS('Secure Coding Checklist'!B10:B227,A21,'Secure Coding Checklist'!E10:E227,"Pass") -> 0 | D21: =COUNTIFS('Secure Coding Checklist'!B10:B227,A21,'Secure Coding Checklist'!E10:E227,"Fail") -> 0
A22: Communication security | B22: =COUNTIF('Secure Coding Checklist'!B10:B227,A22) -> 8 | C22: =COUNTIFS('Secure Coding Checklist'!B10:B227,A22,'Secure Coding Checklist'!E10:E227,"Pass") -> 0 | D22: =COUNTIFS('Secure Coding Checklist'!B10:B227,A22,'Secure Coding Checklist'!E10:E227,"Fail") -> 0
A23: System configuration | B23: =COUNTIF('Secure Coding Checklist'!B10:B227,A23) -> 16 | C23: =COUNTIFS('Secure Coding Checklist'!B10:B227,A23,'Secure Coding Checklist'!E10:E227,"Pass") -> 0 | D23: =COUNTIFS('Secure Coding Checklist'!B10:B227,A23,'Secure Coding Checklist'!E10:E227,"Fail") -> 0
A24: Database security | B24: =COUNTIF('Secure Coding Checklist'!B10:B227,A24) -> 13 | C24: =COUNTIFS('Secure Coding Checklist'!B10:B227,A24,'Secure Coding Checklist'!E10:E227,"Pass") -> 0 | D24: =COUNTIFS('Secure Coding Checklist'!B10:B227,A24,'Secure Coding Checklist'!E10:E227,"Fail") -> 0
A25: File management | B25: =COUNTIF('Secure Coding Checklist'!B10:B227,A25) -> 14 | C25: =COUNTIFS('Secure Coding Checklist'!B10:B227,A25,'Secure Coding Checklist'!E10:E227,"Pass") -> 0 | D25: =COUNTIFS('Secure Coding Checklist'!B10:B227,A25,'Secure Coding Checklist'!E10:E227,"Fail") -> 0
A26: Memory management | B26: =COUNTIF('Secure Coding Checklist'!B10:B227,A26) -> 10 | C26: =COUNTIFS('Secure Coding Checklist'!B10:B227,A26,'Secure Coding Checklist'!E10:E227,"Pass") -> 0 | D26: =COUNTIFS('Secure Coding Checklist'!B10:B227,A26,'Secure Coding Checklist'!E10:E227,"Fail") -> 0
A27: General coding practices | B27: =COUNTIF('Secure Coding Checklist'!B10:B227,A27) -> 12 | C27: =COUNTIFS('Secure Coding Checklist'!B10:B227,A27,'Secure Coding Checklist'!E10:E227,"Pass") -> 0 | D27: =COUNTIFS('Secure Coding Checklist'!B10:B227,A27,'Secure Coding Checklist'!E10:E227,"Fail") -> 0
